Brand,Name,TD,Color
BambuLab Basic,BambuLab Green,2.0,#00ae42
BambuLab Basic,Beige,8.0,#e7ceb5
BambuLab Basic,Red,4.0,#c00d1e
BambuLab Basic,Black,0.6,#000000
BambuLab Basic,Blue,4.0,#00358e
BambuLab Basic,Blue Gray,3.0,#4c5f71
BambuLab Basic,Brown,2.0,#9d432c
BambuLab Basic,Gray,2.0,#8e9089
BambuLab Basic,Green,2.0,#003b3b
BambuLab Basic,Jade White,5.0,#ffffff
BambuLab Basic,Silver,0.5,#a6a9aa
BambuLab Basic,Yellow,6.0,#fce300
My - Geeetech,Green,3.3,#63cb6b
My - Geeetech,Pink,3.5,#ff90d8
My - Geeetech,Orange,5.0,#e99d48
My - Geeetech,Red,3.2,#ff381e
My - Geeetech,Purple,2.2,#813f92
My - Geeetech,Water Blue,3.0,#04aacb
My - Geeetech,Yellow,4.0,#fff454
My - Geetech,Bone White,3.5,#aba190
My - Jayo,Black,1.1,#000000
My - Jayo,Grey,2.0,#4a4d4d
My - Jayo,White,5.0,#d9e0e9
My - Sunlu Meta,Cherry Red,9.5,#c51f16
My - Sunlu Meta,Lemon Yellow,9.5,#fff187
My - Sunlu Meta,Mint Green,6.5,#04d3b1
My - Sunlu Meta,Sakura Pink,9.5,#fecdd4
My - Sunlu Meta,Sky Blue,7.0,#20b8f9
BambuLab Basic,Orange,7.0,#ff6a13
BambuLab Basic,Pink,8.0,#ff5869
T,Black,0.6,#111111
T,Red,1.5,#c0392b
T,Yellow,3.0,#f1c40f
T,White,5.0,#f5f5f5
My - Geeetech,Blue,2.1,#1074bb
MY,HPLA - Black,1.0,#000000
MY,HPLA GREY,1.0,#595959
MY,Sunlu White,4.0,#ffffff
